,City,Country,Latitude,Longitude,Max Temperature (F),Humidity (%),Cloudiness (%),Wind Speed (mph),Date
0,durg,IN,21.18,81.28,71.6,46.0,0.0,2.73,01/24/2020
1,marawi,PH,8.0,124.29,79.0,87.0,15.0,3.0,01/24/2020
2,ostrovnoy,RU,68.05,39.51,10.26,86.0,100.0,5.48,01/24/2020
3,zlotow,PL,53.36,17.04,39.2,82.0,75.0,11.41,01/24/2020
4,busselton,AU,-33.65,115.33,62.58,86.0,67.0,14.18,01/24/2020
5,punta arenas,CL,-53.15,-70.92,51.8,81.0,90.0,12.75,01/24/2020
6,vadlapudi,IN,14.32,79.8,71.87,75.0,66.0,4.52,01/24/2020
7,asau,RO,46.43,26.4,41.0,52.0,29.0,13.87,01/24/2020
8,avarua,CK,-21.21,-159.78,78.8,94.0,95.0,5.82,01/24/2020
9,buraydah,SA,26.33,43.98,64.4,18.0,0.0,11.41,01/24/2020
10,vanavara,RU,60.34,102.28,8.2,95.0,100.0,5.88,01/24/2020
11,cap malheureux,MU,-19.98,57.61,82.4,88.0,75.0,6.93,01/24/2020
12,new norfolk,AU,-42.78,147.06,62.6,51.0,100.0,12.75,01/24/2020
13,hualmay,PE,-11.1,-77.61,80.22,53.0,16.0,7.45,01/24/2020
14,bredasdorp,ZA,-34.53,20.04,78.01,64.0,0.0,9.17,01/24/2020
15,ranfurly,NZ,-45.13,170.1,60.01,87.0,70.0,6.35,01/24/2020
16,cape town,ZA,-33.93,18.42,87.01,57.0,0.0,14.99,01/24/2020
17,rikitea,PF,-23.12,-134.97,77.22,74.0,0.0,17.16,01/24/2020
18,kirkwall,GB,58.98,-2.96,44.6,81.0,20.0,12.75,01/24/2020
19,maracas,BR,-13.44,-40.43,69.53,94.0,100.0,5.14,01/24/2020
20,ponta do sol,PT,32.67,-17.1,64.4,55.0,40.0,5.82,01/24/2020
21,saint-augustin,CA,51.23,-58.65,4.19,71.0,0.0,18.37,01/24/2020
22,ushuaia,AR,-54.8,-68.3,50.0,71.0,90.0,5.82,01/24/2020
23,martapura,ID,-3.42,114.85,78.8,88.0,20.0,5.82,01/24/2020
24,aberdeen,GB,57.14,-2.1,46.99,70.0,40.0,3.36,01/24/2020
25,urumqi,CN,43.8,87.6,8.01,84.0,75.0,4.47,01/24/2020
26,ruidoso,US,33.33,-105.67,35.01,63.0,1.0,5.82,01/24/2020
27,mbour,SN,14.42,-16.96,95.0,19.0,0.0,8.05,01/24/2020
28,kimbe,PG,-5.55,150.14,76.66,91.0,65.0,1.59,01/24/2020
29,mar del plata,AR,-38.0,-57.56,93.0,43.0,0.0,23.04,01/24/2020
30,hasaki,JP,35.73,140.83,45.0,81.0,75.0,9.17,01/24/2020
33,chuy,UY,-33.7,-53.46,78.62,53.0,0.0,6.6,01/24/2020
34,tuatapere,NZ,-46.13,167.68,63.0,94.0,100.0,1.01,01/24/2020
35,taoudenni,ML,22.68,-3.98,87.73,11.0,100.0,8.32,01/24/2020
36,riachao do jacuipe,BR,-11.81,-39.39,75.2,87.0,100.0,4.97,01/24/2020
37,port alfred,ZA,-33.59,26.89,71.01,84.0,33.0,8.99,01/24/2020
38,ust-omchug,RU,61.15,149.63,-37.48,100.0,95.0,4.76,01/24/2020
39,victoria,HK,22.29,114.16,72.0,88.0,40.0,12.75,01/24/2020
40,beringovskiy,RU,63.05,179.32,-1.08,98.0,100.0,9.62,01/24/2020
41,tessalit,ML,20.2,1.01,89.6,6.0,100.0,10.31,01/24/2020
42,arraial do cabo,BR,-22.97,-42.03,73.4,94.0,90.0,4.7,01/24/2020
43,bethel,US,41.37,-73.41,41.0,80.0,75.0,2.26,01/24/2020
44,ilulissat,GL,69.22,-51.1,14.0,61.0,75.0,1.12,01/24/2020
45,salalah,OM,17.02,54.09,78.8,74.0,40.0,9.17,01/24/2020
46,baft,IR,29.23,56.61,38.3,64.0,0.0,6.2,01/24/2020
47,hermanus,ZA,-34.42,19.23,87.01,70.0,0.0,7.0,01/24/2020
48,thompson,CA,55.74,-97.86,5.0,84.0,75.0,5.82,01/24/2020
49,jamestown,US,42.1,-79.24,42.01,43.0,90.0,6.93,01/24/2020
50,ovre ardal,NO,61.32,7.8,33.8,98.0,75.0,48.32,01/24/2020
51,vaini,TO,-21.2,-175.2,78.8,83.0,40.0,8.05,01/24/2020
52,mataura,NZ,-46.19,168.86,63.0,94.0,100.0,1.01,01/24/2020
53,tuktoyaktuk,CA,69.45,-133.04,-4.0,76.0,90.0,11.41,01/24/2020
54,povenets,RU,62.85,34.83,27.75,87.0,99.0,8.48,01/24/2020
55,codrington,AU,-38.27,141.97,61.5,86.0,67.0,18.28,01/24/2020
56,san quintin,MX,30.48,-115.95,56.3,92.0,100.0,4.92,01/24/2020
57,esperance,AU,-33.87,121.9,62.6,93.0,75.0,5.82,01/24/2020
58,kindu,CD,-2.95,25.95,88.66,45.0,100.0,3.94,01/24/2020
59,pilar,BR,-9.6,-35.96,87.8,58.0,75.0,13.87,01/24/2020
60,vila do maio,CV,15.13,-23.22,84.2,42.0,0.0,17.22,01/24/2020
61,lahij,YE,13.17,44.58,75.34,72.0,97.0,10.54,01/24/2020
62,lebu,CL,-37.62,-73.65,71.82,34.0,0.0,10.4,01/24/2020
63,goderich,CA,43.75,-81.72,37.99,95.0,100.0,1.01,01/24/2020
64,mogadishu,SO,2.04,45.34,86.0,66.0,20.0,19.46,01/24/2020
65,ballina,AU,-28.87,153.57,82.4,83.0,98.0,13.11,01/24/2020
66,paravola,GR,38.62,21.52,57.2,62.0,75.0,5.82,01/24/2020
67,houma,US,29.6,-90.72,52.0,81.0,5.0,8.05,01/24/2020
69,hobyo,SO,5.35,48.53,81.05,74.0,94.0,20.45,01/24/2020
70,uspenka,UA,48.39,39.16,29.1,53.0,77.0,12.33,01/24/2020
71,pangnirtung,CA,66.15,-65.71,-27.4,67.0,20.0,4.83,01/24/2020
73,albany,US,42.6,-73.97,34.0,73.0,75.0,3.36,01/24/2020
74,shirokiy,RU,49.76,129.52,-16.29,88.0,0.0,1.77,01/24/2020
75,caravelas,BR,-17.71,-39.25,80.08,81.0,100.0,25.32,01/24/2020
76,deputatskiy,RU,69.3,139.9,-35.97,95.0,4.0,2.24,01/24/2020
77,yellowknife,CA,62.46,-114.35,5.0,84.0,90.0,10.29,01/24/2020
78,camopi,GF,3.17,-52.32,89.55,49.0,20.0,4.92,01/24/2020
80,bluff,NZ,-46.6,168.33,63.0,94.0,100.0,1.01,01/24/2020
81,kavieng,PG,-2.57,150.8,83.7,66.0,0.0,6.2,01/24/2020
82,east london,ZA,-33.02,27.91,73.4,78.0,68.0,18.34,01/24/2020
83,belyy yar,RU,53.6,91.39,28.4,74.0,100.0,4.47,01/24/2020
84,port elizabeth,ZA,-33.92,25.57,75.2,69.0,33.0,20.8,01/24/2020
85,miri,MY,4.41,114.01,78.8,94.0,75.0,9.26,01/24/2020
86,yining,CN,29.04,114.56,43.7,96.0,100.0,4.27,01/24/2020
87,castro,BR,-24.79,-50.01,75.07,54.0,33.0,6.17,01/24/2020
89,brae,GB,60.4,-1.35,44.6,80.0,20.0,21.92,01/24/2020
90,gamba,GA,-2.65,10.0,83.91,74.0,69.0,8.52,01/24/2020
91,goundam,ML,16.41,-3.67,93.72,6.0,88.0,17.45,01/24/2020
92,upernavik,GL,72.79,-56.15,-11.78,86.0,51.0,4.7,01/24/2020
93,asino,RU,57.0,86.15,29.17,90.0,100.0,14.9,01/24/2020
94,luderitz,NA,-26.65,15.16,78.8,47.0,0.0,11.41,01/24/2020
95,faanui,PF,-16.48,-151.75,82.06,76.0,33.0,10.87,01/24/2020
96,butaritari,KI,3.07,172.79,83.79,76.0,100.0,8.88,01/24/2020
97,bambanglipuro,ID,-7.95,110.28,77.0,85.0,100.0,2.51,01/24/2020
98,thinadhoo,MV,0.53,72.93,83.91,81.0,100.0,12.59,01/24/2020
99,nova borova,UA,50.69,28.63,33.39,70.0,67.0,12.21,01/24/2020
100,antsla,EE,57.83,26.54,42.8,81.0,90.0,18.34,01/24/2020
101,olpad,IN,21.33,72.75,77.0,57.0,0.0,6.93,01/24/2020
103,nikolskoye,RU,59.7,30.79,35.01,86.0,20.0,8.95,01/24/2020
105,mareeba,AU,-17.0,145.43,79.0,94.0,75.0,3.36,01/24/2020
106,kaitangata,NZ,-46.28,169.85,68.0,72.0,100.0,10.07,01/24/2020
107,kasangulu,CD,-4.59,15.17,86.0,70.0,75.0,9.17,01/24/2020
108,coquimbo,CL,-29.95,-71.34,73.4,60.0,0.0,9.17,01/24/2020
111,puerto ayacucho,VE,5.66,-67.62,86.0,62.0,37.0,10.29,01/24/2020
112,aklavik,CA,68.22,-135.01,-4.0,83.0,90.0,12.75,01/24/2020
113,kargat,RU,55.2,80.28,29.12,93.0,100.0,14.88,01/24/2020
114,tiksi,RU,71.69,128.87,-33.86,88.0,0.0,5.79,01/24/2020
115,san patricio,MX,19.22,-104.7,73.4,83.0,40.0,3.27,01/24/2020
116,orsha,BY,54.52,30.41,37.4,93.0,90.0,15.66,01/24/2020
117,georgetown,MY,5.41,100.34,87.01,69.0,20.0,4.7,01/24/2020
118,mount isa,AU,-20.73,139.5,77.0,94.0,40.0,1.12,01/24/2020
119,leshukonskoye,RU,64.9,45.76,-0.78,99.0,98.0,3.51,01/24/2020
120,malayal,PH,7.21,121.94,74.48,88.0,27.0,2.1,01/24/2020
121,husavik,IS,66.04,-17.34,32.0,77.0,75.0,14.99,01/24/2020
122,berlevag,NO,70.86,29.09,27.05,76.0,100.0,16.55,01/24/2020
123,kapaa,US,22.08,-159.32,68.0,77.0,1.0,8.05,01/24/2020
124,komsomolskiy,UZ,40.43,71.72,39.2,49.0,75.0,4.7,01/24/2020
125,barrow,US,71.29,-156.79,-20.2,75.0,1.0,8.05,01/24/2020
126,kodiak,US,57.79,-152.41,15.8,56.0,1.0,20.8,01/24/2020
127,kloulklubed,PW,7.04,134.26,78.8,88.0,90.0,9.17,01/24/2020
128,amahai,ID,-3.33,128.92,83.71,68.0,0.0,4.63,01/24/2020
129,rio gallegos,AR,-51.62,-69.22,51.8,71.0,100.0,12.75,01/24/2020
130,hilo,US,19.73,-155.09,69.8,77.0,90.0,4.7,01/24/2020
131,clyde river,CA,70.47,-68.59,-11.2,76.0,90.0,26.4,01/24/2020
132,hyeres,FR,43.12,6.12,57.2,71.0,90.0,12.75,01/24/2020
133,deniliquin,AU,-35.53,144.97,63.0,63.0,0.0,5.14,01/24/2020
135,santa rosa,PH,14.31,121.11,79.0,88.0,75.0,3.36,01/24/2020
136,naze,JP,28.37,129.48,69.8,94.0,90.0,8.05,01/24/2020
137,provideniya,RU,64.38,-173.3,-6.32,97.0,94.0,4.03,01/24/2020
138,zhezkazgan,KZ,47.8,67.71,23.0,92.0,90.0,13.42,01/24/2020
139,pevek,RU,69.7,170.31,-27.8,97.0,0.0,3.29,01/24/2020
140,pisco,PE,-13.7,-76.22,71.6,30.0,90.0,5.82,01/24/2020
141,dormidontovka,RU,47.77,134.91,-9.87,81.0,0.0,10.33,01/24/2020
142,hithadhoo,MV,-0.6,73.08,84.42,77.0,53.0,9.31,01/24/2020
143,aquiraz,BR,-3.9,-38.39,87.8,58.0,40.0,14.99,01/24/2020
144,kuryk,KZ,43.2,51.65,36.93,81.0,100.0,27.22,01/24/2020
145,sayyan,YE,15.17,44.32,60.57,61.0,8.0,9.82,01/24/2020
147,kawalu,ID,-7.38,108.21,72.54,93.0,100.0,1.74,01/24/2020
148,coahuayana,MX,18.73,-103.68,66.2,88.0,40.0,2.82,01/24/2020
149,tres arroyos,AR,-38.37,-60.28,82.65,32.0,0.0,16.02,01/24/2020
150,yar-sale,RU,66.83,70.83,4.91,96.0,99.0,6.22,01/24/2020
151,balabac,PH,7.99,117.06,80.46,81.0,68.0,9.31,01/24/2020
152,narsaq,GL,60.92,-46.05,26.6,86.0,75.0,5.82,01/24/2020
153,cherskiy,RU,68.75,161.3,-36.92,96.0,77.0,3.04,01/24/2020
154,plettenberg bay,ZA,-34.05,23.37,72.0,72.0,1.0,4.52,01/24/2020
155,izvoarele,RO,45.03,25.27,35.15,48.0,0.0,7.96,01/24/2020
156,haines junction,CA,60.75,-137.51,-4.92,98.0,100.0,6.96,01/24/2020
157,najran,SA,17.49,44.13,68.0,34.0,26.0,6.93,01/24/2020
158,sioux lookout,CA,50.1,-91.92,12.2,85.0,90.0,3.71,01/24/2020
159,linhares,BR,-19.39,-40.07,75.87,92.0,100.0,9.66,01/24/2020
160,atuona,PF,-9.8,-139.03,80.31,79.0,30.0,11.65,01/24/2020
161,airai,TL,-8.93,125.41,68.04,93.0,100.0,2.15,01/24/2020
162,tasiilaq,GL,65.61,-37.64,19.4,67.0,75.0,31.09,01/24/2020
163,belaya gora,RU,68.53,146.42,-36.76,90.0,60.0,1.57,01/24/2020
164,medina,SA,24.47,39.61,69.8,10.0,0.0,6.93,01/24/2020
165,kapit,MY,2.02,112.93,73.04,99.0,99.0,0.92,01/24/2020
166,bosaso,SO,11.28,49.18,80.6,83.0,40.0,10.29,01/24/2020
167,puerto ayora,EC,-0.74,-90.35,80.6,69.0,75.0,5.82,01/24/2020
168,sorong,ID,-0.88,131.25,73.36,87.0,2.0,2.26,01/24/2020
169,rovaniemi,FI,66.5,25.72,17.6,92.0,0.0,5.82,01/24/2020
170,okha,RU,53.57,142.95,0.5,95.0,100.0,11.88,01/24/2020
171,hamilton,US,39.18,-84.53,43.0,93.0,90.0,3.36,01/24/2020
172,zhigansk,RU,66.77,123.37,-42.07,96.0,42.0,8.14,01/24/2020
173,terre haute,US,39.47,-87.41,41.0,100.0,90.0,8.05,01/24/2020
174,bathsheba,BB,13.22,-59.52,82.4,74.0,75.0,14.99,01/24/2020
176,quatre cocos,MU,-20.21,57.76,82.4,88.0,75.0,6.93,01/24/2020
177,daugavpils,LV,55.88,26.53,42.33,83.0,100.0,13.87,01/24/2020
178,poum,NC,-20.23,164.02,79.23,78.0,75.0,20.96,01/24/2020
179,vanimo,PG,-2.67,141.3,82.81,78.0,97.0,6.76,01/24/2020
182,kiunga,PG,-6.12,141.29,74.39,98.0,64.0,1.86,01/24/2020
183,ruwi,OM,23.6,58.55,75.2,73.0,75.0,6.93,01/24/2020
184,altay,CN,47.87,88.12,14.11,48.0,21.0,8.32,01/24/2020
185,hobart,AU,-42.88,147.33,62.6,51.0,99.0,12.75,01/24/2020
186,mlonggo,ID,-6.53,110.7,82.4,83.0,40.0,4.7,01/24/2020
187,duki,PK,30.15,68.57,50.49,62.0,3.0,4.0,01/24/2020
188,catuday,PH,16.29,119.81,80.35,68.0,1.0,5.26,01/24/2020
189,sainte-marie,RE,-20.9,55.55,82.4,83.0,100.0,3.36,01/24/2020
190,pemberton,CA,50.32,-122.8,35.01,96.0,96.0,3.62,01/24/2020
191,coihaique,CL,-45.58,-72.07,60.8,55.0,75.0,9.17,01/24/2020
192,san diego de la union,MX,21.47,-100.87,42.01,84.0,67.0,4.27,01/24/2020
193,hambantota,LK,6.12,81.12,82.4,83.0,20.0,9.17,01/24/2020
194,marsh harbour,BS,26.54,-77.06,72.48,65.0,34.0,11.32,01/24/2020
195,vila velha,BR,-20.33,-40.29,80.01,88.0,90.0,13.87,01/24/2020
196,touros,BR,-5.2,-35.46,68.0,100.0,75.0,13.87,01/24/2020
198,hailar,CN,49.2,119.7,-12.78,91.0,15.0,4.14,01/24/2020
199,aksarka,RU,66.56,67.8,2.1,96.0,89.0,4.92,01/24/2020
200,tobermory,CA,45.25,-81.67,33.01,80.0,100.0,5.01,01/24/2020
201,kahului,US,20.89,-156.47,69.01,82.0,1.0,6.93,01/24/2020
202,kenai,US,60.55,-151.26,14.0,70.0,1.0,3.36,01/24/2020
203,mahebourg,MU,-20.41,57.7,82.4,88.0,75.0,6.93,01/24/2020
204,hokitika,NZ,-42.72,170.97,60.85,85.0,97.0,6.6,01/24/2020
206,chokurdakh,RU,70.63,147.92,-34.94,87.0,0.0,4.79,01/24/2020
208,saskylakh,RU,71.92,114.08,-28.35,83.0,100.0,21.54,01/24/2020
209,olinda,BR,-8.01,-34.86,86.0,66.0,75.0,8.05,01/24/2020
210,fairbanks,US,64.84,-147.72,-6.0,83.0,90.0,1.59,01/24/2020
212,ust-kuyga,RU,70.02,135.6,-40.56,99.0,7.0,6.42,01/24/2020
213,san pedro de macoris,DO,18.46,-69.3,75.2,78.0,75.0,11.41,01/24/2020
214,palu,ID,-0.89,119.87,68.09,96.0,87.0,2.08,01/24/2020
215,souillac,MU,-20.52,57.52,82.4,88.0,75.0,6.93,01/24/2020
216,auki,SB,-8.77,160.7,83.91,75.0,47.0,10.76,01/24/2020
218,nanortalik,GL,60.14,-45.24,29.17,80.0,100.0,1.74,01/24/2020
219,los llanos de aridane,ES,28.66,-17.92,71.6,53.0,40.0,8.05,01/24/2020
220,lokosovo,RU,61.13,74.82,14.59,92.0,100.0,9.86,01/24/2020
221,hohhot,CN,40.81,111.65,6.8,84.0,0.0,4.47,01/24/2020
222,bahia honda,CU,22.9,-83.16,71.01,70.0,56.0,3.51,01/24/2020
223,lewiston,US,44.1,-70.21,37.99,68.0,1.0,8.05,01/24/2020
224,lamar,US,33.67,-95.58,39.2,72.0,75.0,9.17,01/24/2020
225,cacador,BR,-26.78,-51.02,73.4,52.0,66.0,4.23,01/24/2020
226,macae,BR,-22.37,-41.79,73.4,100.0,90.0,1.12,01/24/2020
227,loiza,PR,18.43,-65.88,84.99,83.0,40.0,6.93,01/24/2020
228,belem de sao francisco,BR,-8.75,-38.97,85.24,49.0,93.0,7.63,01/24/2020
229,sarkand,KZ,45.41,79.92,31.39,43.0,100.0,4.92,01/24/2020
231,faya,SA,18.39,42.45,59.0,67.0,40.0,13.87,01/24/2020
232,lisakovsk,KZ,52.54,62.49,7.57,90.0,0.0,6.91,01/24/2020
233,geraldton,AU,-28.77,114.6,73.4,64.0,0.0,23.04,01/24/2020
234,ribeira grande,PT,38.52,-28.7,59.0,58.0,40.0,5.82,01/24/2020
235,baykit,RU,61.67,96.37,5.77,96.0,100.0,2.06,01/24/2020
236,alyangula,AU,-13.85,136.42,84.2,79.0,100.0,5.82,01/24/2020
237,tual,ID,-5.67,132.75,83.75,74.0,36.0,7.23,01/24/2020
239,orangeburg,US,33.49,-80.86,52.0,87.0,90.0,5.82,01/24/2020
240,carnarvon,AU,-24.87,113.63,80.6,65.0,0.0,19.46,01/24/2020
242,magburaka,SL,8.72,-11.95,105.4,8.0,93.0,7.29,01/24/2020
243,preobrazheniye,RU,42.9,133.91,6.8,59.0,0.0,6.02,01/24/2020
244,iqaluit,CA,63.75,-68.51,-25.01,60.0,20.0,11.41,01/24/2020
245,tengzhou,CN,35.08,117.15,39.24,49.0,100.0,3.96,01/24/2020
246,bambous virieux,MU,-20.34,57.76,82.4,88.0,75.0,6.93,01/24/2020
247,siena,IT,43.22,11.4,55.99,66.0,75.0,1.12,01/24/2020
248,nantucket,US,41.28,-70.1,41.0,100.0,1.0,3.44,01/24/2020
249,acapulco,MX,16.86,-99.89,75.2,88.0,20.0,4.7,01/24/2020
250,lorengau,PG,-2.02,147.27,83.97,70.0,2.0,6.04,01/24/2020
251,vestmanna,FO,62.16,-7.17,39.2,80.0,100.0,17.22,01/24/2020
252,batamshinskiy,KZ,50.56,58.27,15.8,85.0,72.0,22.37,01/24/2020
254,port angeles,US,48.12,-123.43,51.01,87.0,75.0,6.93,01/24/2020
255,saint-philippe,RE,-21.36,55.77,82.4,94.0,100.0,20.8,01/24/2020
256,luangwa,ZM,-15.62,30.42,81.12,69.0,32.0,7.56,01/24/2020
257,villa alemana,CL,-33.04,-71.37,84.0,73.0,31.0,10.29,01/24/2020
258,mazamet,FR,43.49,2.37,57.99,62.0,40.0,13.87,01/24/2020
259,saint george,US,37.1,-113.58,37.99,80.0,1.0,3.36,01/24/2020
260,jian,CN,27.12,114.98,48.63,91.0,100.0,6.13,01/24/2020
261,mitzic,GA,0.78,11.55,89.91,26.0,95.0,3.53,01/24/2020
262,severo-kurilsk,RU,50.68,156.12,13.87,87.0,83.0,13.4,01/24/2020
263,pedernales,DO,18.04,-71.74,77.0,83.0,20.0,9.17,01/24/2020
264,tailai,CN,46.38,123.4,-3.78,93.0,0.0,6.58,01/24/2020
265,dhidhdhoo,MV,6.88,73.1,82.96,79.0,86.0,11.68,01/24/2020
266,guerrero negro,MX,27.98,-114.06,58.15,70.0,100.0,2.55,01/24/2020
267,hofn,IS,64.25,-15.21,32.0,53.0,20.0,3.36,01/24/2020
268,at-bashi,KG,41.17,75.81,-0.76,59.0,100.0,2.75,01/24/2020
269,palmer,US,42.16,-72.33,37.99,73.0,1.0,3.36,01/24/2020
270,dwarka,IN,22.24,68.97,73.33,56.0,0.0,13.71,01/24/2020
271,kihei,US,20.79,-156.47,69.01,82.0,1.0,6.93,01/24/2020
272,raha,IN,26.23,92.52,54.01,76.0,0.0,4.36,01/24/2020
273,port lincoln,AU,-34.73,135.87,62.35,81.0,0.0,5.12,01/24/2020
274,saldanha,ZA,-33.01,17.94,77.0,57.0,0.0,8.05,01/24/2020
275,khovu-aksy,RU,51.13,93.6,1.15,83.0,100.0,10.38,01/24/2020
276,kandrian,PG,-6.22,149.55,76.17,92.0,81.0,6.06,01/24/2020
277,zyryanka,RU,65.75,150.85,-27.6,98.0,100.0,3.94,01/24/2020
278,mount gambier,AU,-37.83,140.77,60.8,93.0,90.0,10.29,01/24/2020
279,lang son,VN,21.83,106.73,64.02,95.0,70.0,3.69,01/24/2020
280,kruisfontein,ZA,-34.0,24.73,77.56,61.0,43.0,12.03,01/24/2020
281,puerto escondido,MX,15.85,-97.07,73.4,73.0,40.0,1.45,01/24/2020
285,khatanga,RU,71.97,102.5,-28.95,89.0,100.0,8.01,01/24/2020
286,san fernando,PH,15.03,120.69,79.0,88.0,90.0,2.24,01/24/2020
287,lodja,CD,-3.48,23.43,88.79,43.0,100.0,2.57,01/24/2020
288,soddy-daisy,US,35.24,-85.19,46.0,93.0,90.0,5.82,01/24/2020
289,moanda,GA,-1.56,13.22,87.8,62.0,40.0,4.7,01/24/2020
290,vila franca do campo,PT,37.72,-25.43,57.2,76.0,40.0,6.93,01/24/2020
291,maneadero,MX,31.72,-116.57,53.65,60.0,100.0,1.74,01/24/2020
292,blackwater,AU,-23.58,148.88,76.91,88.0,100.0,9.17,01/24/2020
293,batemans bay,AU,-35.72,150.18,66.0,84.0,95.0,3.0,01/24/2020
294,moindou,NC,-21.69,165.68,73.4,83.0,90.0,3.36,01/24/2020
295,gornopravdinsk,RU,60.05,69.9,5.14,97.0,99.0,7.25,01/24/2020
296,khandyga,RU,62.67,135.6,-43.51,97.0,32.0,1.68,01/24/2020
297,ridgecrest,US,35.62,-117.67,37.99,86.0,1.0,1.48,01/24/2020
298,puerto leguizamo,CO,-0.19,-74.78,84.92,74.0,100.0,1.5,01/24/2020
299,rancho palos verdes,US,33.74,-118.39,55.99,76.0,1.0,3.42,01/24/2020
300,sahuaripa,MX,29.05,-109.23,49.51,64.0,0.0,5.46,01/24/2020
301,sile,TR,41.18,29.61,48.99,45.0,31.0,6.93,01/24/2020
302,pacific grove,US,36.62,-121.92,51.01,93.0,1.0,3.36,01/24/2020
303,tashtyp,RU,52.79,89.9,17.89,81.0,67.0,2.73,01/24/2020
304,mangrol,IN,21.12,70.12,75.9,61.0,0.0,13.0,01/24/2020
305,egvekinot,RU,66.32,-179.17,-11.15,86.0,86.0,4.18,01/24/2020
306,rawson,AR,-43.3,-65.1,66.2,56.0,95.0,3.24,01/24/2020
307,the valley,AI,18.22,-63.06,84.99,74.0,20.0,6.93,01/24/2020
308,waipawa,NZ,-41.41,175.52,63.0,77.0,8.0,20.8,01/24/2020
309,itarema,BR,-2.92,-39.92,90.81,51.0,24.0,13.4,01/24/2020
310,beloha,MG,-25.17,45.05,77.77,53.0,0.0,17.09,01/24/2020
311,gravdal,NO,68.12,13.5,32.0,92.0,40.0,3.36,01/24/2020
312,torbay,CA,47.67,-52.73,35.01,77.0,40.0,16.44,01/24/2020
313,belint,RO,45.76,21.76,42.8,48.0,0.0,1.12,01/24/2020
314,bengkulu,ID,-3.8,102.27,74.71,95.0,100.0,4.9,01/24/2020
315,cabinda,AO,-5.55,12.2,82.4,83.0,75.0,3.36,01/24/2020
316,ranong,TH,9.97,98.63,84.2,66.0,20.0,9.17,01/24/2020
317,haimen,CN,23.19,116.61,64.4,88.0,75.0,6.71,01/24/2020
318,podyuga,RU,61.09,40.86,30.02,95.0,100.0,10.65,01/24/2020
319,aliwal north,ZA,-30.69,26.71,62.92,61.0,100.0,21.7,01/24/2020
320,senno,RU,59.53,33.92,33.01,90.0,93.0,9.44,01/24/2020
321,kargopol,RU,61.51,38.95,28.44,91.0,98.0,9.75,01/24/2020
322,levelland,US,33.59,-102.38,39.99,79.0,1.0,3.36,01/24/2020
323,vostok,RU,46.49,135.88,-14.75,94.0,0.0,5.26,01/24/2020
324,bali,ID,-8.5,115.0,84.2,83.0,20.0,4.7,01/24/2020
325,norsup,VU,-16.07,167.38,80.06,75.0,21.0,12.5,01/24/2020
326,mackay,AU,-21.15,149.2,80.6,94.0,40.0,1.12,01/24/2020
327,arlit,NE,18.74,7.39,90.61,4.0,19.0,8.84,01/24/2020
328,rocha,UY,-34.48,-54.33,86.38,27.0,0.0,7.92,01/24/2020
329,qaanaaq,GL,77.48,-69.36,-10.75,54.0,0.0,8.12,01/24/2020
330,jumla,NP,29.27,82.18,24.8,53.0,4.0,8.01,01/24/2020
331,kasempa,ZM,-13.46,25.83,74.57,72.0,91.0,1.68,01/24/2020
332,brynmawr,GB,51.8,-3.18,45.0,93.0,75.0,3.36,01/24/2020
333,norman wells,CA,65.28,-126.83,-5.8,76.0,90.0,4.7,01/24/2020
334,panzhihua,CN,26.59,101.71,40.1,71.0,0.0,0.98,01/24/2020
335,muroto,JP,33.28,134.15,45.7,80.0,85.0,7.67,01/24/2020
336,maniitsoq,GL,65.42,-52.9,13.1,81.0,100.0,20.49,01/24/2020
337,westport,US,41.14,-73.36,43.0,80.0,75.0,5.61,01/24/2020
339,dondo,MZ,-19.61,34.74,81.21,73.0,30.0,9.08,01/24/2020
340,awbari,LY,26.59,12.78,69.08,11.0,78.0,11.54,01/24/2020
341,shadrinsk,RU,56.09,63.63,7.75,89.0,0.0,9.89,01/24/2020
342,san cristobal,VE,7.77,-72.22,73.4,94.0,75.0,6.93,01/24/2020
343,port macquarie,AU,-31.43,152.92,75.99,94.0,90.0,3.11,01/24/2020
344,nome,US,64.5,-165.41,-18.4,75.0,1.0,7.09,01/24/2020
345,lavrentiya,RU,65.58,-171.0,-16.55,80.0,0.0,3.04,01/24/2020
346,jacobina,BR,-11.18,-40.52,77.94,69.0,100.0,7.34,01/24/2020
347,manono,CD,-7.3,27.42,78.64,89.0,100.0,2.42,01/24/2020
348,batagay-alyta,RU,67.8,130.41,-35.01,64.0,0.0,3.11,01/24/2020
349,okhotsk,RU,59.38,143.3,-24.59,72.0,0.0,7.81,01/24/2020
350,nagato,JP,34.38,131.2,53.6,76.0,75.0,3.36,01/24/2020
351,yevlax,AZ,40.61,47.15,44.6,33.0,100.0,11.41,01/24/2020
352,viedma,AR,-40.81,-63.0,75.11,21.0,11.0,9.57,01/24/2020
353,liverpool,GB,53.41,-2.98,46.99,100.0,75.0,8.05,01/24/2020
354,koping,SE,59.51,15.99,46.4,65.0,0.0,9.17,01/24/2020
355,isangel,VU,-19.55,169.27,76.77,85.0,83.0,14.63,01/24/2020
356,darien,US,41.75,-87.97,37.0,100.0,90.0,8.05,01/24/2020
357,vestmannaeyjar,IS,63.44,-20.27,33.8,86.0,90.0,8.05,01/24/2020
358,yulara,AU,-25.24,130.99,86.0,22.0,57.0,10.29,01/24/2020
359,talnakh,RU,69.49,88.4,6.8,84.0,90.0,15.66,01/24/2020
362,kunnamkulam,IN,10.65,76.08,84.2,65.0,20.0,5.82,01/24/2020
363,resistencia,AR,-27.46,-58.98,86.0,58.0,0.0,4.7,01/24/2020
364,birao,CF,10.28,22.79,78.76,10.0,100.0,13.98,01/24/2020
365,ahipara,NZ,-35.17,173.17,63.0,100.0,0.0,4.99,01/24/2020
366,broome,US,42.25,-75.83,39.0,72.0,1.0,6.93,01/24/2020
367,iquitos,PE,-3.75,-73.25,42.8,100.0,90.0,2.24,01/24/2020
368,birjand,IR,32.87,59.22,42.8,45.0,0.0,4.7,01/24/2020
370,rio grande,BR,-32.03,-52.1,82.4,54.0,75.0,9.62,01/24/2020
371,tolosa,FR,43.6,1.44,59.0,76.0,75.0,6.93,01/24/2020
372,saint-pierre,RE,-21.34,55.48,82.4,94.0,100.0,20.8,01/24/2020
373,kulhudhuffushi,MV,6.62,73.07,83.03,79.0,97.0,12.82,01/24/2020
374,port hardy,CA,50.7,-127.42,44.6,100.0,90.0,5.82,01/24/2020
375,businga,CD,3.33,20.88,98.33,9.0,31.0,3.8,01/24/2020
376,bonthe,SL,7.53,-12.51,93.4,35.0,16.0,9.84,01/24/2020
377,sao joao da barra,BR,-21.64,-41.05,77.0,100.0,90.0,2.59,01/24/2020
378,santiago,CL,-33.46,-70.65,84.0,50.0,45.0,4.7,01/24/2020
379,san angelo,US,31.46,-100.44,37.0,43.0,1.0,3.36,01/24/2020
380,tommot,RU,58.96,126.29,-34.29,87.0,0.0,3.04,01/24/2020
381,vardo,NO,70.37,31.11,24.8,79.0,75.0,14.99,01/24/2020
383,san rafael,AR,-34.62,-68.33,81.9,12.0,29.0,9.57,01/24/2020
384,la ronge,CA,55.1,-105.28,17.6,92.0,20.0,4.7,01/24/2020
385,valle hermoso,MX,25.67,-97.83,61.0,82.0,75.0,4.7,01/24/2020
386,veshkayma,RU,54.05,47.13,17.53,82.0,100.0,14.27,01/24/2020
387,racale,IT,39.96,18.09,57.0,66.0,5.0,8.05,01/24/2020
388,sterling,US,39.01,-77.43,41.0,64.0,90.0,4.7,01/24/2020
390,vila,PT,42.03,-8.16,63.0,54.0,40.0,1.12,01/24/2020
391,vangaindrano,MG,-23.35,47.6,74.41,80.0,33.0,6.85,01/24/2020
392,dikson,RU,73.51,80.55,-5.24,97.0,100.0,9.8,01/24/2020
393,makhachkala,RU,42.98,47.5,33.01,52.0,11.0,29.08,01/24/2020
394,madang,PG,-5.22,145.8,82.6,82.0,86.0,14.52,01/24/2020
395,port-gentil,GA,-0.72,8.78,91.4,70.0,40.0,8.05,01/24/2020
397,takoradi,GH,4.88,-1.76,91.38,52.0,0.0,10.98,01/24/2020
398,youghal,IE,51.95,-7.85,45.0,93.0,75.0,6.93,01/24/2020
399,paamiut,GL,61.99,-49.67,18.72,91.0,100.0,23.67,01/24/2020
400,bocana de paiwas,NI,12.79,-85.12,70.9,86.0,96.0,4.21,01/24/2020
402,trinidad,BO,-14.83,-64.9,86.0,79.0,40.0,4.7,01/24/2020
403,mitsamiouli,KM,-11.38,43.28,77.0,94.0,90.0,5.82,01/24/2020
404,falam,MM,22.92,93.68,39.81,50.0,0.0,1.23,01/24/2020
406,kirakira,SB,-10.45,161.92,77.36,84.0,3.0,3.29,01/24/2020
408,hastings,GB,50.86,0.57,45.0,93.0,75.0,9.17,01/24/2020
409,namibe,AO,-15.2,12.15,80.6,65.0,20.0,17.22,01/24/2020
410,flin flon,CA,54.77,-101.86,8.6,84.0,90.0,2.24,01/24/2020
411,tunceli,TR,39.11,39.55,39.2,23.0,0.0,9.17,01/24/2020
412,sumbe,AO,-11.21,13.84,83.28,71.0,80.0,9.1,01/24/2020
413,fayaoue,NC,-20.65,166.53,77.77,78.0,9.0,15.26,01/24/2020
414,aswan,EG,24.09,32.91,64.67,27.0,0.0,13.8,01/24/2020
415,san carlos de bariloche,AR,-41.15,-71.31,62.6,27.0,100.0,23.04,01/24/2020
416,utiel,ES,39.57,-1.2,60.01,71.0,40.0,2.24,01/24/2020
417,idritsa,RU,56.33,28.9,39.61,90.0,100.0,11.74,01/24/2020
418,wukari,NG,7.85,9.78,96.62,6.0,88.0,10.71,01/24/2020
420,tikhvin,RU,59.65,33.53,33.01,90.0,61.0,7.63,01/24/2020
421,esso,RU,55.93,158.7,-9.94,88.0,100.0,5.73,01/24/2020
422,barranca,PE,-10.75,-77.77,72.88,83.0,44.0,7.58,01/24/2020
423,prince rupert,CA,54.32,-130.32,43.32,84.0,100.0,14.99,01/24/2020
425,palma,ES,39.57,2.65,62.01,63.0,0.0,6.93,01/24/2020
426,evensk,RU,61.95,159.23,-11.94,76.0,100.0,15.7,01/24/2020
427,kupang,ID,-10.17,123.58,78.8,100.0,40.0,0.81,01/24/2020
428,lufilufi,WS,-13.87,-171.6,80.01,94.0,100.0,4.0,01/24/2020
429,pangody,RU,65.85,74.49,7.0,96.0,91.0,4.72,01/24/2020
430,nayoro,JP,44.35,142.46,9.79,93.0,100.0,10.2,01/24/2020
431,shubarshi,KZ,48.59,57.19,17.53,93.0,99.0,12.68,01/24/2020
432,road town,VG,18.42,-64.62,78.8,94.0,40.0,5.82,01/24/2020
433,inhambane,MZ,-23.86,35.38,84.2,54.0,40.0,11.41,01/24/2020
434,gushikawa,JP,26.35,127.87,71.6,93.0,40.0,4.29,01/24/2020
435,sandakan,MY,5.84,118.12,82.4,83.0,20.0,6.93,01/24/2020
436,wanaka,NZ,-44.7,169.15,54.1,91.0,100.0,8.19,01/24/2020
437,shenkursk,RU,62.11,42.9,17.87,94.0,95.0,6.17,01/24/2020
438,zaranj,AF,30.97,61.88,55.4,100.0,75.0,18.34,01/24/2020
439,raudeberg,NO,61.99,5.14,39.2,80.0,75.0,29.97,01/24/2020
440,korla,CN,41.76,86.15,13.86,86.0,28.0,2.28,01/24/2020
441,yumen,CN,40.28,97.2,19.72,49.0,3.0,5.44,01/24/2020
442,alice springs,AU,-23.7,133.88,80.6,28.0,47.0,5.82,01/24/2020
443,cabo san lucas,MX,22.89,-109.91,61.0,93.0,40.0,6.93,01/24/2020
444,sitka,US,57.05,-135.33,35.6,100.0,90.0,11.41,01/24/2020
445,pontianak,ID,-0.03,109.33,80.6,88.0,40.0,0.49,01/24/2020
446,mayo,US,38.89,-76.51,41.0,75.0,40.0,8.05,01/24/2020
447,mzimba,MW,-11.9,33.6,72.3,83.0,13.0,6.67,01/24/2020
448,kedrovyy,RU,56.17,91.82,33.8,69.0,40.0,8.95,01/24/2020
449,cruzeiro do sul,BR,-29.51,-51.99,78.01,80.0,99.0,1.99,01/24/2020
450,masakin,TN,35.73,10.58,69.8,56.0,0.0,9.17,01/24/2020
451,kumluca,TR,36.37,30.29,44.15,47.0,0.0,5.32,01/24/2020
452,khash,IR,28.22,61.22,51.08,89.0,97.0,10.49,01/24/2020
453,leh,IN,34.17,77.58,-6.54,50.0,96.0,5.21,01/24/2020
454,roma,US,43.21,-75.46,37.0,63.0,90.0,6.93,01/24/2020
455,juneau,US,58.3,-134.42,37.4,93.0,90.0,8.05,01/24/2020
456,seoul,KR,37.57,126.98,33.8,65.0,1.0,2.04,01/24/2020
457,skoghall,SE,59.32,13.47,44.6,70.0,0.0,9.17,01/24/2020
458,ancud,CL,-41.87,-73.82,62.6,72.0,40.0,12.75,01/24/2020
459,muros,ES,42.78,-9.06,60.01,62.0,40.0,1.12,01/24/2020
460,tolaga bay,NZ,-38.37,178.3,65.55,87.0,0.0,4.23,01/24/2020
461,omaruru,NA,-21.43,15.93,90.93,17.0,0.0,15.97,01/24/2020
462,chimoio,MZ,-19.12,33.48,80.6,65.0,75.0,9.62,01/24/2020
463,rundu,NA,-17.93,19.77,86.0,48.0,77.0,3.36,01/24/2020
464,lugoba,TZ,-6.45,38.33,78.62,86.0,100.0,5.41,01/24/2020
465,sturgeon falls,CA,46.36,-79.93,28.4,92.0,90.0,17.22,01/24/2020
466,outreau,FR,50.71,1.59,45.0,93.0,90.0,3.36,01/24/2020
468,kungurtug,RU,50.6,97.52,0.88,77.0,35.0,5.23,01/24/2020
469,bud,US,39.45,-86.18,43.0,100.0,90.0,6.93,01/24/2020
470,roros,NO,62.57,11.38,32.0,79.0,22.0,12.75,01/24/2020
471,comodoro rivadavia,AR,-45.87,-67.5,68.0,37.0,100.0,24.16,01/24/2020
472,salamiyah,SY,35.01,37.05,40.42,40.0,0.0,12.01,01/24/2020
473,mitu,CO,1.2,-70.17,90.5,52.0,100.0,2.84,01/24/2020
474,miramar,US,25.99,-80.23,73.99,88.0,67.0,9.51,01/24/2020
475,kalmunai,LK,7.42,81.82,81.61,74.0,26.0,15.95,01/24/2020
476,saint anthony,US,45.02,-93.22,30.2,86.0,90.0,6.93,01/24/2020
477,svetlaya,RU,46.54,138.33,7.7,51.0,0.0,14.92,01/24/2020
479,grand-santi,GF,4.25,-54.38,89.71,44.0,100.0,4.21,01/24/2020
480,tiarei,PF,-17.53,-149.33,77.0,83.0,5.0,2.24,01/24/2020
481,calvinia,ZA,-31.47,19.78,80.02,32.0,0.0,21.14,01/24/2020
483,katsuura,JP,35.13,140.3,50.0,82.0,100.0,25.28,01/24/2020
484,jiuquan,CN,39.74,98.52,17.67,22.0,32.0,6.6,01/24/2020
485,klyuchi,RU,52.27,79.17,26.15,84.0,98.0,14.63,01/24/2020
486,kosonsoy,UZ,41.26,71.55,33.8,69.0,90.0,6.93,01/24/2020
487,nagamangala,IN,12.82,76.76,80.6,42.0,44.0,4.7,01/24/2020
488,loa janan,ID,-0.58,117.09,76.03,92.0,100.0,1.52,01/24/2020
489,riyadh,SA,24.69,46.72,62.6,26.0,0.0,3.36,01/24/2020
490,lao cai,VN,22.48,103.95,63.82,98.0,38.0,1.7,01/24/2020
491,tazovskiy,RU,67.47,78.7,5.36,95.0,96.0,8.68,01/24/2020
492,jacareacanga,BR,-6.22,-57.75,89.6,75.0,85.0,3.36,01/24/2020
493,forrest city,US,35.01,-90.79,41.0,100.0,38.0,5.82,01/24/2020
494,kattivakkam,IN,13.22,80.32,79.0,65.0,20.0,4.7,01/24/2020
495,emba,KZ,48.83,58.14,14.27,94.0,100.0,11.74,01/24/2020
496,umm kaddadah,SD,13.6,26.69,70.41,11.0,6.0,17.02,01/24/2020
497,longyearbyen,SJ,78.22,15.64,6.8,60.0,20.0,34.45,01/24/2020
498,tarakan,ID,3.3,117.63,81.7,81.0,16.0,8.55,01/24/2020
499,gari,RU,59.43,62.35,10.85,90.0,100.0,8.55,01/24/2020
500,richards bay,ZA,-28.78,32.04,78.46,75.0,0.0,30.89,01/24/2020
501,sangmelima,CM,2.93,11.98,93.45,10.0,67.0,3.04,01/24/2020
502,ust-kulom,RU,61.69,53.69,3.29,97.0,95.0,4.83,01/24/2020
503,boshnyakovo,RU,49.63,142.17,4.26,92.0,100.0,17.31,01/24/2020
505,am timan,TD,11.03,20.28,85.87,6.0,0.0,7.05,01/24/2020
506,chakwal,PK,32.93,72.86,52.43,27.0,81.0,7.16,01/24/2020
507,tilichiki,RU,60.47,166.1,-2.99,97.0,100.0,14.14,01/24/2020
508,harper,LR,4.38,-7.72,87.35,65.0,78.0,6.76,01/24/2020
509,kitui,KE,-1.37,38.01,73.58,82.0,98.0,5.01,01/24/2020
510,portland,US,45.52,-122.68,52.0,87.0,75.0,9.17,01/24/2020
511,dingle,PH,11.0,122.67,74.62,93.0,13.0,9.55,01/24/2020
512,narrabri,AU,-30.32,149.78,80.01,74.0,40.0,2.26,01/24/2020
513,labuhan,ID,-6.88,112.21,77.81,85.0,75.0,1.66,01/24/2020
514,camocim,BR,-2.9,-40.84,84.18,79.0,58.0,6.46,01/24/2020
515,ambilobe,MG,-13.2,49.05,77.25,90.0,100.0,4.65,01/24/2020
516,coos bay,US,43.37,-124.22,53.01,93.0,75.0,5.7,01/24/2020
517,vallenar,CL,-28.57,-70.76,79.77,46.0,40.0,10.07,01/24/2020
518,portel,BR,-1.94,-50.82,90.61,54.0,85.0,7.02,01/24/2020
519,cape canaveral,US,28.41,-80.6,68.0,93.0,20.0,5.82,01/24/2020
520,kinkala,CG,-4.36,14.76,86.0,66.0,20.0,4.7,01/24/2020
521,pezinok,SK,48.29,17.27,33.01,92.0,90.0,5.82,01/24/2020
522,cidreira,BR,-30.18,-50.21,73.96,74.0,20.0,14.41,01/24/2020
523,lianran,CN,24.92,102.48,44.6,87.0,75.0,6.71,01/24/2020
524,mayumba,GA,-3.43,10.66,84.18,72.0,78.0,7.56,01/24/2020
525,lamin,GM,13.35,-16.43,91.4,27.0,40.0,3.36,01/24/2020
526,olafsvik,IS,64.89,-23.71,31.21,72.0,100.0,6.62,01/24/2020
527,kaduna,NG,10.52,7.44,89.47,6.0,16.0,12.75,01/24/2020
528,floresta,BR,-8.6,-38.57,90.57,37.0,96.0,8.95,01/24/2020
529,mao,ES,39.89,4.27,60.8,67.0,40.0,4.7,01/24/2020
530,axim,GH,4.87,-2.24,91.38,52.0,0.0,10.98,01/24/2020
531,shiraz,IR,29.6,52.54,41.0,60.0,0.0,1.63,01/24/2020
532,kaeo,NZ,-35.1,173.78,63.0,100.0,2.0,8.46,01/24/2020
533,santa fe,AR,-31.63,-60.7,90.0,45.0,0.0,5.99,01/24/2020
534,honiara,SB,-9.43,159.95,75.2,100.0,20.0,2.24,01/24/2020
535,zhangye,CN,38.93,100.45,26.13,36.0,0.0,5.59,01/24/2020
536,hukuntsi,BW,-24.0,21.75,83.07,43.0,53.0,13.44,01/24/2020
537,port blair,IN,11.67,92.75,80.22,73.0,20.0,17.09,01/24/2020
538,lander,US,42.83,-108.73,28.0,73.0,1.0,2.37,01/24/2020
540,karratha,AU,-20.74,116.85,84.4,78.0,0.0,13.94,01/24/2020
542,den helder,NL,52.96,4.76,42.8,100.0,90.0,11.41,01/24/2020
543,lompoc,US,34.64,-120.46,53.6,93.0,20.0,13.58,01/24/2020
544,ketchikan,US,55.34,-131.65,46.4,87.0,90.0,12.75,01/24/2020
545,waiuku,NZ,-37.25,174.75,66.0,88.0,21.0,6.93,01/24/2020
546,monrovia,LR,6.3,-10.8,86.67,60.0,40.0,11.7,01/24/2020
547,meulaboh,ID,4.14,96.13,85.26,68.0,77.0,4.7,01/24/2020
548,madanapalle,IN,13.55,78.5,65.97,56.0,62.0,3.96,01/24/2020
549,leningradskiy,RU,69.38,178.42,-23.78,71.0,0.0,3.67,01/24/2020
550,bilma,NE,18.69,12.92,78.51,7.0,0.0,10.31,01/24/2020
551,black river,JM,18.03,-77.85,77.0,69.0,20.0,4.7,01/24/2020
552,salisbury,GB,51.07,-1.8,46.0,93.0,90.0,3.36,01/24/2020
553,kidal,ML,18.44,1.41,88.97,6.0,100.0,10.45,01/24/2020
554,aleksandrov gay,RU,50.15,48.57,12.38,90.0,0.0,11.88,01/24/2020
555,xicotencatl,MX,23.02,-98.88,68.0,84.0,21.0,5.99,01/24/2020
556,paka,MY,4.64,103.44,73.4,94.0,0.0,1.12,01/24/2020
557,straumen,NO,63.87,11.3,37.99,77.0,75.0,19.46,01/24/2020
558,xingyi,CN,24.19,102.82,51.91,65.0,62.0,2.57,01/24/2020
559,necochea,AR,-38.55,-58.74,88.0,53.0,0.0,11.01,01/24/2020
560,baruun-urt,MN,46.68,113.28,2.37,83.0,93.0,8.3,01/24/2020
561,zhigalovo,RU,54.81,105.16,3.13,95.0,100.0,3.71,01/24/2020
562,katangli,RU,51.71,143.23,-0.53,95.0,100.0,8.32,01/24/2020
563,cabildo,AR,-38.48,-61.9,82.99,60.0,0.0,4.0,01/24/2020
564,tautira,PF,-17.73,-149.15,77.0,83.0,0.0,2.24,01/24/2020
565,luganville,VU,-15.53,167.17,72.12,96.0,51.0,0.98,01/24/2020
566,nha trang,VN,12.25,109.18,78.8,94.0,20.0,5.82,01/24/2020
567,chany,RU,55.31,76.76,29.86,97.0,100.0,8.52,01/24/2020
568,sotouboua,TG,8.57,0.98,97.52,7.0,10.0,8.28,01/24/2020
569,gatesville,US,31.44,-97.74,45.0,80.0,1.0,7.49,01/24/2020
570,pringsewu,ID,-5.36,104.97,74.03,98.0,100.0,3.53,01/24/2020
571,tekeli,KZ,44.83,78.82,26.01,32.0,100.0,4.52,01/24/2020
572,weinan,CN,34.5,109.51,41.0,86.0,90.0,4.47,01/24/2020
573,kristianstad,SE,56.03,14.15,44.6,87.0,40.0,10.29,01/24/2020
574,sinnamary,GF,5.38,-52.95,79.32,79.0,100.0,12.03,01/24/2020
575,xiamen,CN,24.48,118.08,62.6,82.0,90.0,11.18,01/24/2020
576,cobija,BO,-11.03,-68.77,82.4,78.0,75.0,6.93,01/24/2020
577,adrar,MR,20.5,-10.07,87.1,13.0,79.0,9.01,01/24/2020
578,placido de castro,BR,-10.34,-67.19,91.49,53.0,99.0,4.45,01/24/2020
579,moron,AR,-34.65,-58.62,87.01,51.0,71.0,10.29,01/24/2020
580,corlu,TR,41.16,27.8,44.6,48.0,20.0,10.29,01/24/2020
581,kui buri,TH,12.08,99.85,79.97,82.0,44.0,12.19,01/24/2020
582,san ramon de la nueva oran,AR,-23.13,-64.33,88.25,36.0,0.0,2.71,01/24/2020
583,revelstoke,CA,50.98,-118.2,32.0,99.0,90.0,2.24,01/24/2020
584,chegutu,ZW,-18.13,30.14,83.5,48.0,100.0,4.47,01/24/2020
585,huarmey,PE,-10.07,-78.15,79.99,54.0,32.0,6.4,01/24/2020
586,marsa matruh,EG,31.35,27.25,57.2,50.0,40.0,14.99,01/24/2020
587,carira,BR,-10.36,-37.7,82.9,61.0,100.0,4.29,01/24/2020
588,port hedland,AU,-20.32,118.57,86.0,79.0,0.0,10.29,01/24/2020
589,whitianga,NZ,-36.83,175.7,61.0,93.0,13.0,3.62,01/24/2020
590,flinders,AU,-34.58,150.86,73.0,100.0,90.0,4.7,01/24/2020
591,mehamn,NO,71.04,27.85,17.33,89.0,100.0,9.95,01/24/2020
592,constitucion,CL,-35.33,-72.42,71.87,40.0,2.0,6.69,01/24/2020
593,topolobampo,MX,25.6,-109.05,50.0,96.0,6.0,5.99,01/24/2020
594,kisesa,TZ,-3.08,34.15,74.75,70.0,100.0,4.56,01/24/2020
595,santa branca,BR,-23.4,-45.88,77.0,73.0,75.0,9.17,01/24/2020
596,dubbo,AU,-32.25,148.62,75.2,29.0,0.0,10.29,01/24/2020
598,sabha,LY,27.04,14.43,68.74,12.0,3.0,7.87,01/24/2020
599,lubbock,US,33.6,-101.83,39.99,79.0,1.0,3.36,01/24/2020
600,menongue,AO,-14.66,17.69,80.74,53.0,33.0,5.12,01/24/2020
601,marica,BR,-22.92,-42.82,80.6,78.0,75.0,3.36,01/24/2020
602,mahibadhoo,MV,3.78,72.97,82.51,83.0,100.0,22.53,01/24/2020
603,carballo,ES,43.21,-8.69,59.0,54.0,100.0,1.81,01/24/2020
604,slave lake,CA,55.28,-114.77,10.4,92.0,75.0,4.7,01/24/2020
605,segou,ML,13.43,-6.22,96.78,5.0,98.0,18.34,01/24/2020
606,qingdao,CN,36.1,120.37,33.8,50.0,100.0,6.71,01/24/2020
607,kieta,PG,-6.22,155.63,81.54,77.0,0.0,5.66,01/24/2020
608,vyazemskiy,RU,47.54,134.75,-6.29,80.0,0.0,6.85,01/24/2020
609,puksoozero,RU,62.59,40.61,19.17,95.0,100.0,5.08,01/24/2020
610,mandla,IN,22.6,80.38,58.87,40.0,0.0,3.44,01/24/2020
